id,code,name
l10n_pe_economic_activity_0111,0111,Cultivo de cereales (excepto arroz), legumbres y semillas oleaginosas
l10n_pe_economic_activity_0112,0112,Cultivo de arroz
l10n_pe_economic_activity_0113,0113,Cultivo de hortalizas y melones, raíces y tubérculos.
l10n_pe_economic_activity_0114,0114,Cultivo de caña de azúcar
l10n_pe_economic_activity_0115,0115,Cultivo de tabaco
l10n_pe_economic_activity_0116,0116,Cultivo de plantas de fibra
l10n_pe_economic_activity_0119,0119,Cultivo de otras plantas no perennes
l10n_pe_economic_activity_0121,0121,Cultivo de uva
l10n_pe_economic_activity_0122,0122,Cultivo de frutas tropicales y subtropicales
l10n_pe_economic_activity_0123,0123,Cultivo de cítricos
l10n_pe_economic_activity_0124,0124,Cultivo de frutas de pepita y de hueso
l10n_pe_economic_activity_0125,0125,Cultivo de otros frutos y nueces de árboles y arbustos
l10n_pe_economic_activity_0126,0126,Cultivo de frutos oleaginosos
l10n_pe_economic_activity_0127,0127,Cultivo de plantas con las que se preparan bebidas
l10n_pe_economic_activity_0128,0128,Cultivo de especias y de plantas aromáticas, medicinales y farmaceuticas
l10n_pe_economic_activity_0129,0129,Cultivo de otras plantas no perennes
l10n_pe_economic_activity_0130,0130,Propagación de plantas
l10n_pe_economic_activity_0141,0141,Cría de ganado bovino y búfalos
l10n_pe_economic_activity_0142,0142,Cría de caballos y otros equinos
l10n_pe_economic_activity_0143,0143,Cría de camellos y otros camélidos
l10n_pe_economic_activity_0144,0144,Cría de ovejas y cabras
l10n_pe_economic_activity_0145,0145,Cría de cerdos
l10n_pe_economic_activity_0146,0146,Cría de aves de corral
l10n_pe_economic_activity_0149,0149,Cría de otros animales
l10n_pe_economic_activity_0150,0150,Cultivo de productos agrìcolas en combinaciòn con la crìa de animales
l10n_pe_economic_activity_0161,0161,Actividades de apoyo a la agricultura
l10n_pe_economic_activity_0162,0162,Actividades de apoyo a la ganadería
l10n_pe_economic_activity_0163,0163,Actividades poscosecha
l10n_pe_economic_activity_0164,0164,Tratamiento de semillas para propagación
l10n_pe_economic_activity_0170,0170,Caza ordinaria y mediante trampas y actividades de servicios conexas
l10n_pe_economic_activity_0210,0210,Silvicultura y otras actividades forestales
l10n_pe_economic_activity_0220,0220,Extracción de madera
l10n_pe_economic_activity_0230,0230,Recolección de productos forestales distintos de la madera
l10n_pe_economic_activity_0240,0240,Servicios de apoyo a la silvicultura
l10n_pe_economic_activity_0311,0311,Pesca marítima
l10n_pe_economic_activity_0312,0312,Pesca de agua dulce
l10n_pe_economic_activity_0321,0321,Acuicultura marítima
l10n_pe_economic_activity_0322,0322,Acuicultura de agua dulce
l10n_pe_economic_activity_0510,0510,Extracción de carbón de piedra
l10n_pe_economic_activity_0520,0520,Extracción de lignito
l10n_pe_economic_activity_0610,0610,Extracción de petróleo crudo
l10n_pe_economic_activity_0620,0620,Extracción de gas natural
l10n_pe_economic_activity_0710,0710,Extracción de minerales de hierro
l10n_pe_economic_activity_0721,0721,Extracción de minerales de uranio y torio
l10n_pe_economic_activity_0729,0729,Extracción de otros minerales metalíferos no ferrosos
l10n_pe_economic_activity_0810,0810,Extracción de piedra, arena y arcilla
l10n_pe_economic_activity_0891,0891,Extracción de minerales para la fabricación de abonos y productos químicos
l10n_pe_economic_activity_0892,0892,Extracción de turba
l10n_pe_economic_activity_0893,0893,Extracción de sal
l10n_pe_economic_activity_0899,0899,Explotación de otras minas y canteras n.c.p.
l10n_pe_economic_activity_0910,0910,Actividades de apoyo para la extracción de petróleo y gas natural
l10n_pe_economic_activity_0990,0990,Actividades de apoyo para otras actividades de explotación de minas y canteras
l10n_pe_economic_activity_1010,1010,Elaboraciòn y conservación de carne
l10n_pe_economic_activity_1020,1020,Elaboraciòn y conservación de pescados, crustáceos y moluscos
l10n_pe_economic_activity_1030,1030,Elaboraciòn y conservación de frutas,legumbres y hortalizas
l10n_pe_economic_activity_1040,1040,Elaboración de aceites y grasas de origen vegetal y animal
l10n_pe_economic_activity_1050,1050,Elaboración de productos lácteos
l10n_pe_economic_activity_1061,1061,Elaboración de productos de molinería.
l10n_pe_economic_activity_1062,1062,Elaboración de almidones y productos derivados del almidón.
l10n_pe_economic_activity_1071,1071,Elaboración de productos de panadería
l10n_pe_economic_activity_1072,1072,Elaboración de azúcar
l10n_pe_economic_activity_1073,1073,Elaboración de cacao y chocolate y de productos de confitería
l10n_pe_economic_activity_1074,1074,Elaboración de macarrones, fideos, alcuzcus y productos farináceos similares
l10n_pe_economic_activity_1075,1075,Elaboración de comidas y platos preparados
l10n_pe_economic_activity_1079,1079,Elaboración de otros productos alimenticios n.c.p.
l10n_pe_economic_activity_1080,1080,Elaboración de piensos preparados para animales
l10n_pe_economic_activity_1101,1101,Destilación, rectificación y mezcla de bebidas alcohólicas
l10n_pe_economic_activity_1102,1102,Elaboración de vinos
l10n_pe_economic_activity_1103,1103,Elaboración de bebidas malteadas y de malta
l10n_pe_economic_activity_1100,1100,Elaboración de bebidas no alcohólicas; producción de aguas minerales y otras aguas embotelladas
l10n_pe_economic_activity_1200,1200,Elaboración de productos de tabaco tabla de actividades economicas con la ciiu rev. 4.0 1311 preparación e hilatura de fibras textiles
l10n_pe_economic_activity_1312,1312,Tejedura de productos textiles
l10n_pe_economic_activity_1313,1313,Acabado de productos textiles
l10n_pe_economic_activity_1391,1391,Fabricación de tejidos de punto y ganchillo
l10n_pe_economic_activity_1392,1392,Fabricación de artículos confeccionados de materiales textiles, excepto prendas de vestir
l10n_pe_economic_activity_1393,1393,Fabricación de tapices y alfombras
l10n_pe_economic_activity_1394,1394,Fabricación de cuerdas, cordeles, bramantes y redes
l10n_pe_economic_activity_1399,1399,Fabricación de otros productos textiles n.c.p.
l10n_pe_economic_activity_1410,1410,Fabricación de prendas de vestir, excepto prendas de piel
l10n_pe_economic_activity_1420,1420,Fabricación de artículos de piel
l10n_pe_economic_activity_1430,1430,Fabricación de articulos de punto y ganchillo
l10n_pe_economic_activity_1511,1511,Curtido y adobo de cueros; adobo y teñido de pieles
l10n_pe_economic_activity_1510,1510,Fabricación de maletas, bolsos de mano, y artículos similares,y de articulos de talabartería y guarnicionería
l10n_pe_economic_activity_1520,1520,Fabricación de calzado
l10n_pe_economic_activity_1610,1610,Aserrados y acepilladura de madera
l10n_pe_economic_activity_1621,1621,Fabricación de hojas de madera para enchapado y tableros a base de madera
l10n_pe_economic_activity_1622,1622,Fabricación de partes y piezas de carpintería para edificios y construcciones
l10n_pe_economic_activity_1623,1623,Fabricación de recipientes de madera
l10n_pe_economic_activity_1620,1620,Fabricación de otros productos de madera; fabricación de artículos de corcho, paja y materiales trenzables.
l10n_pe_economic_activity_1701,1701,Fabricación de pasta de madera, papel y cartón
l10n_pe_economic_activity_1702,1702,Fabricación del papel y cartón ondulado y de envases de papel y cartón
l10n_pe_economic_activity_1709,1709,Fabricación de otros artículos del papel y cartón
l10n_pe_economic_activity_1811,1811,Impresión
l10n_pe_economic_activity_1812,1812,Actividades de servicios relacionadas con la impresión
l10n_pe_economic_activity_1820,1820,Reproducción de grabaciones
l10n_pe_economic_activity_1910,1910,Fabricación de productos de hornos de coque
l10n_pe_economic_activity_1920,1920,Fabricación de productos de la refinación del petróleo
l10n_pe_economic_activity_2011,2011,Fabricación de sustancias químicas básicas
l10n_pe_economic_activity_2012,2012,Fabricación abonos y compuestos de nitrógeno
l10n_pe_economic_activity_2013,2013,Fabricación de plásticos y de caucho sintético en formas primarias
l10n_pe_economic_activity_2021,2021,Fabricación de plaguicidas y otros productos químicos de uso agropecuario
l10n_pe_economic_activity_2020,2020,Fabricación de pinturas, barnices y productos de revestimiento similares, tintas de imprenta y masillas
l10n_pe_economic_activity_2020,2020,Fabricación de jabones y detergentes, preparados para limpiar y pulir, perfumes y preparados de tocador.
l10n_pe_economic_activity_2029,2029,Fabricación de otros productos químicos n.c.p.
l10n_pe_economic_activity_2030,2030,Fabricación de fibras artificiales
l10n_pe_economic_activity_2100,2100,Fabricación de productos farmacéuticos, sustancias químicas medicinales y productos botánicos de uso farmacéutico
l10n_pe_economic_activity_2211,2211,Fabricación de cubiertas y cámaras de caucho; recauchutado y renovación de cubiertas de caucho
l10n_pe_economic_activity_2219,2219,Fabricación de otros productos de caucho
l10n_pe_economic_activity_2220,2220,Fabricación de productos de plástico
l10n_pe_economic_activity_2310,2310,Fabricación de vidrio y de productos de vidrio
l10n_pe_economic_activity_2391,2391,Fabricación de productos refractarios
l10n_pe_economic_activity_2392,2392,Fabricación de materiales de construcción de arcilla
l10n_pe_economic_activity_2393,2393,Fabricación de otros productos de porcelana y de cerámica
l10n_pe_economic_activity_2394,2394,Fabricación de cemento, cal y yeso
l10n_pe_economic_activity_2395,2395,Fabricación de artículos de hormigón, de cemento y de yeso
l10n_pe_economic_activity_2396,2396,Corte, talla y acabado de la piedra
l10n_pe_economic_activity_2399,2399,Fabricación de otros productos minerales no metálicos n.c.p.
l10n_pe_economic_activity_2410,2410,Industrias básicas de hierro y acero
l10n_pe_economic_activity_2420,2420,Fabricación de productos primarios de metales preciosos y otros metales no ferrosos
l10n_pe_economic_activity_2431,2431,Fundición de hierro y acero
l10n_pe_economic_activity_2432,2432,Fundición de metales no ferrosos
l10n_pe_economic_activity_2511,2511,Fabricación de productos metálicos para uso estructural
l10n_pe_economic_activity_2512,2512,Fabricación de tanques, depósitos y recipientes de metal
l10n_pe_economic_activity_2510,2510,Fabricación de los generadores del vapor, excepto calderas de agua caliente para calefacción central
l10n_pe_economic_activity_2520,2520,Fabricación de armas y municiones
l10n_pe_economic_activity_2591,2591,Forja, prensado, estampado y laminado de metales; pulvimetalurgia
l10n_pe_economic_activity_2592,2592,Tratamiento y revestimiento de metales; maquinado
l10n_pe_economic_activity_2593,2593,Fabricación de artículos de cuchillería, herramientas de mano y artículos de ferretería
l10n_pe_economic_activity_2599,2599,Fabricación de otros productos elaborados de metal n.c.p.
l10n_pe_economic_activity_2610,2610,Fabricación de componentes y tableros electrónicos
l10n_pe_economic_activity_2620,2620,Fabricación de ordenadores y equipo periférico
l10n_pe_economic_activity_2630,2630,Fabricación de equipos de comunicaciones
l10n_pe_economic_activity_2640,2640,Fabricación de aparatos electrónicos de consumo
l10n_pe_economic_activity_2651,2651,Fabricación de equipo de medición, prueba, navegación y control
l10n_pe_economic_activity_2652,2652,Fabricación de relojes
l10n_pe_economic_activity_2660,2660,Fabricación de equipo de irradiación y equipo electrónico de uso médico y terapéutico
l10n_pe_economic_activity_2670,2670,Fabricación de instrumentos ópticos y equipo fotográfico
l10n_pe_economic_activity_2680,2680,Fabricación de soportes magnéticos y ópticos
l10n_pe_economic_activity_2710,2710,Fabricación de motores, generadores y transformadores eléctricos y aparatos de distribución y control de la energía eléctrica
l10n_pe_economic_activity_2720,2720,Fabricación de pilas, baterías y acumuladores
l10n_pe_economic_activity_2731,2731,Fabricación de cables de fibra óptica
l10n_pe_economic_activity_2732,2732,Fabricación de otros hilos y cables eléctricos
l10n_pe_economic_activity_2733,2733,Fabricación de dispositivos de cableado
l10n_pe_economic_activity_2740,2740,Fabricación de equipo eléctrico de iluminación
l10n_pe_economic_activity_2750,2750,Fabricación de aparatos de uso doméstico
l10n_pe_economic_activity_2790,2790,Fabricación de otros tipos de equipo eléctrico
l10n_pe_economic_activity_2810,2810,Fabricación de motores y turbinas, excepto motores para aeronaves, vehículos automotores y motocicletas
l10n_pe_economic_activity_2812,2812,Fabricación de equipo de propulsión de fluidos
l10n_pe_economic_activity_2813,2813,Fabricación de bombas, compresores, grifos y válvulas
l10n_pe_economic_activity_2814,2814,Fabricación de cojinetes, engranajes, trenes de engranajes y piezas de transmisión
l10n_pe_economic_activity_2815,2815,Fabricación de hornos, hogares y quemadores
l10n_pe_economic_activity_2816,2816,Fabricación de equipo de elevación y manipulación
l10n_pe_economic_activity_2817,2817,Fabricación de maquinaria y equipo de oficina (excepto ordenadores y equipo periférico)
l10n_pe_economic_activity_2818,2818,Fabricación de herramientas de mano motorizadas
l10n_pe_economic_activity_2819,2819,Fabricación de otros tipos de maquinaria de uso general
l10n_pe_economic_activity_2821,2821,Fabricación de maquinaria agropecuaria y forestal
l10n_pe_economic_activity_2822,2822,Fabricación de maquinaria para la conformación de metales y de máquinas herramienta
l10n_pe_economic_activity_2823,2823,Fabricación de maquinaria metalúrgica
l10n_pe_economic_activity_2824,2824,Fabricación de maquinaria para explotación de minas y canteras y para obras de construcción
l10n_pe_economic_activity_2825,2825,Fabricación de maquinaria para la elaboración de alimentos, bebidas y tabaco
l10n_pe_economic_activity_2826,2826,Fabricación de maquinaria para la elaboración de productos textiles, prendas de vestir y cueros
l10n_pe_economic_activity_2829,2829,Fabricación de otros tipos de maquinaria de uso especial
l10n_pe_economic_activity_2910,2910,Fabricación de vehículos automotores
l10n_pe_economic_activity_2920,2920,Fabricación de carrocerías para vehículos automotores; fabricación de remolques y semirremolques
l10n_pe_economic_activity_2930,2930,Fabricación de partes, piezas y accesorios para vehículos de automotores
l10n_pe_economic_activity_3011,3011,Construcción de buques y estructuras flotantes
l10n_pe_economic_activity_3012,3012,Construcción de embarcaciones de recreo y deporte
l10n_pe_economic_activity_3020,3020,Fabricación de locomotoras y de material rodante
l10n_pe_economic_activity_3030,3030,Fabricación de aeronaves y naves espaciales y maquinaria conexa
l10n_pe_economic_activity_3040,3040,Fabricación de vehículos militares de combate
l10n_pe_economic_activity_3091,3091,Fabricación de motocicletas
l10n_pe_economic_activity_3092,3092,Fabricación de bicicletas y de sillones de ruedas para inválidos
l10n_pe_economic_activity_3099,3099,Fabricación de otros tipos de equipo de transporte n.c.p.
l10n_pe_economic_activity_3100,3100,Fabricación de muebles
l10n_pe_economic_activity_3211,3211,Fabricación de joyas y artículos conexos
l10n_pe_economic_activity_3212,3212,Fabricación de bisutería y artículos conexos
l10n_pe_economic_activity_3220,3220,Fabricación de instrumentos de música
l10n_pe_economic_activity_3230,3230,Fabricación de artículos de deporte
l10n_pe_economic_activity_3240,3240,Fabricación de juegos y juguetes
l10n_pe_economic_activity_3250,3250,Fabricación de instrumentos y materiales médicos y odontológicos
l10n_pe_economic_activity_3290,3290,Otras industrias manufactureras n.c.p.
l10n_pe_economic_activity_3311,3311,Reparación de productos elaborados de metal
l10n_pe_economic_activity_3312,3312,Reparación de maquinaria
l10n_pe_economic_activity_3313,3313,Reparación de equipo electrónico y óptico
l10n_pe_economic_activity_3314,3314,Reparación de equipo eléctrico
l10n_pe_economic_activity_3315,3315,Reparación de equipo de transporte, excepto vehículos automotores
l10n_pe_economic_activity_3319,3319,Reparación de otros tipos de equipo
l10n_pe_economic_activity_3320,3320,Instalación de maquinaria y equipo industriales
l10n_pe_economic_activity_3510,3510,Generación, transmisión y distribución de energía eléctrica
l10n_pe_economic_activity_3520,3520,Fabricación del gas; distribución de combustibles gaseosos por tuberías
l10n_pe_economic_activity_3530,3530,Suministro de vapor y aire acondicionado
l10n_pe_economic_activity_3600,3600,Captación, tratamiento y distribución de agua
l10n_pe_economic_activity_3700,3700,Evacuación de aguas residuales
l10n_pe_economic_activity_3811,3811,Recogida de desechos no peligrosos
l10n_pe_economic_activity_3812,3812,Recogida de desechos peligrosos
l10n_pe_economic_activity_3821,3821,Tratamiento y eliminación de desechos no peligrosos
l10n_pe_economic_activity_3822,3822,Tratamiento y eliminación de desechos peligrosos
l10n_pe_economic_activity_3830,3830,Recuperación de materiales
l10n_pe_economic_activity_3900,3900,Actividades de descontaminación y otros servicios de gestión de desechos
l10n_pe_economic_activity_4100,4100,Construcción de edificios
l10n_pe_economic_activity_4210,4210,Construcción de carreteras y líneas de ferrocarril
l10n_pe_economic_activity_4220,4220,Construcción de proyectos de servicio público
l10n_pe_economic_activity_4290,4290,Construcción de otras obras de ingeniería civil
l10n_pe_economic_activity_4311,4311,Demolición
l10n_pe_economic_activity_4312,4312,Preparación del terreno
l10n_pe_economic_activity_4321,4321,Instalaciones eléctricas
l10n_pe_economic_activity_4322,4322,Instalaciones de fontanería, calefacción y aire acondicionado
l10n_pe_economic_activity_4329,4329,Otras instalaciones para obras de construcción
l10n_pe_economic_activity_4330,4330,Terminación y acabado de edificios
l10n_pe_economic_activity_4390,4390,Otras actividades especializadas de la construcción
l10n_pe_economic_activity_4510,4510,Venta de vehículos automotores
l10n_pe_economic_activity_4520,4520,Mantenimiento y reparación de vehículos automotores
l10n_pe_economic_activity_4530,4530,Ventas de partes, piezas y accesorios para vehículos automotores
l10n_pe_economic_activity_4540,4540,Venta, mantenimiento y reparación de motocicletas y de sus partes, piezas y accesorios.
l10n_pe_economic_activity_4610,4610,Venta al por mayor a cambio de una retribución o por contrata
l10n_pe_economic_activity_4620,4620,Venta al por mayor de materias primas agropecuarias y animales vivos.
l10n_pe_economic_activity_4630,4630,Venta al por mayor de alimentos, bebidas y tabaco.
l10n_pe_economic_activity_4641,4641,Venta al por mayor de productos textiles, prendas de vestir y calzado
l10n_pe_economic_activity_4649,4649,Venta al por mayor de otros enseres domésticos
l10n_pe_economic_activity_4651,4651,Venta al por mayor de ordenadores, equipo periférico y programas de informática
l10n_pe_economic_activity_4652,4652,Venta al por mayor de equipo, partes y piezas electrónicos y de telecomunicaciones
l10n_pe_economic_activity_4653,4653,Venta al por mayor de maquinaria, equipo y materiales agropecuarios
l10n_pe_economic_activity_4659,4659,Venta al por mayor de otros tipos de maquinaria y equipo
l10n_pe_economic_activity_4661,4661,Venta al por mayor de combustibles sólidos, líquidos y gaseosos y productos conexos
l10n_pe_economic_activity_4662,4662,Venta al por mayor de metales y minerales metalíferos
l10n_pe_economic_activity_4660,4660,Venta al por mayor de materiales de construcción, artículos de ferretería y equipo y materiales de fontanería y calefacción.
l10n_pe_economic_activity_4669,4669,Venta al por mayor de desperdicios, desechos, chatarra y otros productos n.c.p
l10n_pe_economic_activity_4690,4690,Venta al por mayor no especializada
l10n_pe_economic_activity_4710,4710,Venta al por menor en comercios no especializados con predominio de la venta de alimentos, bebidas o tabaco
l10n_pe_economic_activity_4719,4719,Otras actividades de venta al por menor en comercios no especializados
l10n_pe_economic_activity_4721,4721,Venta al por menor de alimentos en comercios especializados
l10n_pe_economic_activity_4722,4722,Venta al por menor de bebidas en comercios especializados
l10n_pe_economic_activity_4723,4723,Venta al por menor de productos de tabaco en comercios especializados
l10n_pe_economic_activity_4730,4730,Venta al por menor de combustibles para vehículos automotores en comercios especializados
l10n_pe_economic_activity_4740,4740,Venta al por menor de ordenadores, equipo periférico, programas informáticos y equipo de telecomunicaciones en comercios especializados
l10n_pe_economic_activity_4742,4742,Venta al por menor de equipo de sonido y de vídeo en comercios especializados
l10n_pe_economic_activity_4751,4751,Venta al por menor de productos textiles en comercios especializados
l10n_pe_economic_activity_4750,4750,Venta al por menor de artículos de ferretería, pinturas y productos de vidrio en comercios especializados
l10n_pe_economic_activity_4750,4750,Venta al por menor de tapices, alfombras y cubrimientos para paredes y pisos en comercios especializados
l10n_pe_economic_activity_4750,4750,Venta al por menor de aparatos eléctricos de uso doméstico, muebles, equipo de iluminación y otros enseres domésticos en comercios especializados
l10n_pe_economic_activity_4761,4761,Venta al por menor de libros, periódicos y artículos de papelería en comercios especializados
l10n_pe_economic_activity_4762,4762,Venta al por menor de grabaciones de música y de vídeo en comercios especializados
l10n_pe_economic_activity_4763,4763,Venta al por menor de equipo de deporte en comercios especializados
l10n_pe_economic_activity_4764,4764,Venta al por menor de juegos y juguetes en comercios especializados
l10n_pe_economic_activity_4770,4770,Venta al por menor de prendas de vestir, calzado y artículos de cuero en comercios especializados
l10n_pe_economic_activity_4770,4770,Venta al por menor de productos farmacéuticos y medicinales, cosméticos y artículos de tocador en comercios especializados
l10n_pe_economic_activity_4773,4773,Venta al por menor de otros productos nuevos en comercios especializados
l10n_pe_economic_activity_4774,4774,Venta al por menor de artículos de segunda mano
l10n_pe_economic_activity_4781,4781,Venta al por menor de alimentos, bebidas y tabaco en puestos de venta y mercados
l10n_pe_economic_activity_4780,4780,Venta al por menor de productos textiles, prendas de vestir y calzado en puestos de venta y mercados
l10n_pe_economic_activity_4789,4789,Venta al por menor de otros productos en puestos de venta y mercados
l10n_pe_economic_activity_4791,4791,Venta al por menor por correo y por internet
l10n_pe_economic_activity_4799,4799,Otras actividades de venta al por menor no realizadas en comercios, puestos de venta o mercados
l10n_pe_economic_activity_4911,4911,Transporte interurbano de pasajeros por ferrocarril
l10n_pe_economic_activity_4912,4912,Transporte de carga por ferrocarril
l10n_pe_economic_activity_4921,4921,Transporte urbano y suburbano de pasajeros por vía terrestre
l10n_pe_economic_activity_4922,4922,Otras actividades de transporte por vía terrestre
l10n_pe_economic_activity_4923,4923,Transporte de carga por carretera
l10n_pe_economic_activity_4930,4930,Transporte por tuberías
l10n_pe_economic_activity_5011,5011,Transporte de pasajeros marítimo y de cabotaje
l10n_pe_economic_activity_5012,5012,Transporte de carga marítimo y de cabotaje
l10n_pe_economic_activity_5021,5021,Transporte de pasajeros por vías de navegación interiores
l10n_pe_economic_activity_5022,5022,Transporte de carga, por vías de navegación interiores
l10n_pe_economic_activity_5110,5110,Transporte de pasajeros por vía aérea
l10n_pe_economic_activity_5120,5120,Transporte de carga por vía aérea
l10n_pe_economic_activity_5210,5210,Almacenamiento y depósito
l10n_pe_economic_activity_5221,5221,Actividades de servicios vinculadas al transporte terrestre
l10n_pe_economic_activity_5222,5222,Actividades de servicios vinculadas al transporte acuático
l10n_pe_economic_activity_5223,5223,Actividades de servicios vinculadas al transporte aéreo
l10n_pe_economic_activity_5224,5224,Manipulación de carga
l10n_pe_economic_activity_5229,5229,Otras actividades de apoyo al transporte
l10n_pe_economic_activity_5310,5310,Actividades postales
l10n_pe_economic_activity_5320,5320,Actividades de mensajería
l10n_pe_economic_activity_5510,5510,Actividades de alojamiento para estancias cortas
l10n_pe_economic_activity_5520,5520,Actividades de campamentos, parques de vehículos recreativos y parques de caravanas
l10n_pe_economic_activity_5590,5590,Otras actividades de alojamiento
l10n_pe_economic_activity_5610,5610,Actividades de restaurantes y de servicio móvil de comidas
l10n_pe_economic_activity_5621,5621,Suministro de comidas por encargo
l10n_pe_economic_activity_5629,5629,Otras actividades de servicio de comidas
l10n_pe_economic_activity_5630,5630,Actividades de servicio de bebidas
l10n_pe_economic_activity_5811,5811,Edición de libros
l10n_pe_economic_activity_5812,5812,Edición de directorios y listas de correo
l10n_pe_economic_activity_5813,5813,Edición de periódicos, revistas y otras publicaciones periódicas
l10n_pe_economic_activity_5819,5819,Otras actividades de edición
l10n_pe_economic_activity_5820,5820,Edición de programas de informáticos
l10n_pe_economic_activity_5911,5911,Actividades de producción de películas cinematográficas, vídeos y programas de televisión
l10n_pe_economic_activity_5912,5912,Actividades de postproducción de películas cinematográficas, vídeos y programas de televisión
l10n_pe_economic_activity_5913,5913,Actividades de distribución de películas cinematográficas, vídeos y programas de televisión
l10n_pe_economic_activity_5914,5914,Actividades de exhibición de películas cinematográficas y cintas de vídeo
l10n_pe_economic_activity_5920,5920,Actividades de grabación de sonido y edición de música
l10n_pe_economic_activity_6010,6010,Transmisiones de radio
l10n_pe_economic_activity_6020,6020,Programación y transmisiones de televisión
l10n_pe_economic_activity_6110,6110,Actividades de telecomunicaciones alámbricas
l10n_pe_economic_activity_6120,6120,Actividades de telecomunicaciones inalámbricas
l10n_pe_economic_activity_6130,6130,Actividades de telecomunicaciones por satélite.
l10n_pe_economic_activity_6190,6190,Otras actividades de telecomunicación.
l10n_pe_economic_activity_6201,6201,Programación informática
l10n_pe_economic_activity_6202,6202,Consultoría de informática y de gestión de instalaciones informáticas
l10n_pe_economic_activity_6209,6209,Otras actividades de tecnología de la información y de servicios informáticos
l10n_pe_economic_activity_6311,6311,Procesamiento de datos, hospedaje y actividades conexas
l10n_pe_economic_activity_6312,6312,Portales web
l10n_pe_economic_activity_6391,6391,Actividades de agencias de noticias
l10n_pe_economic_activity_6399,6399,Otras actividades de servicios de información n.c.p.
l10n_pe_economic_activity_6411,6411,Banca central
l10n_pe_economic_activity_6419,6419,Otros tipos de intermediación monetaria.
l10n_pe_economic_activity_6420,6420,Actividades de sociedades de cartera
l10n_pe_economic_activity_6430,6430,Fondos y sociedades de inversión y entidades financieras similares
l10n_pe_economic_activity_6491,6491,Arrendamiento financiero
l10n_pe_economic_activity_6492,6492,Otras actividades de concesión de crédito
l10n_pe_economic_activity_6499,6499,Otras actividades de servicios financieros, excepto las de seguros y fondos de pensiones, n.c.p.
l10n_pe_economic_activity_6511,6511,Seguros de vida
l10n_pe_economic_activity_6512,6512,Seguros generales
l10n_pe_economic_activity_6520,6520,Reaseguros
l10n_pe_economic_activity_6530,6530,Fondos de pensiones
l10n_pe_economic_activity_6611,6611,Administración de mercados financieros
l10n_pe_economic_activity_6612,6612,Corretaje de valores y de contratos de productos básicos
l10n_pe_economic_activity_6619,6619,Otras actividades auxiliares de las actividades de servicios financieros
l10n_pe_economic_activity_6621,6621,Evaluación de riesgos y daños
l10n_pe_economic_activity_6622,6622,Actividades de agentes y corredores de seguros
l10n_pe_economic_activity_6629,6629,Otras actividades auxiliares de las actividades de seguros y fondos de pensiones
l10n_pe_economic_activity_6630,6630,Actividades de gestión de fondos
l10n_pe_economic_activity_6810,6810,Actividades inmobiliarias realizadas con bienes propios o arrendados
l10n_pe_economic_activity_6820,6820,Actividades inmobiliarias realizadas a cambio de una retribución o por contrata
l10n_pe_economic_activity_6910,6910,Actividades jurídicas
l10n_pe_economic_activity_6920,6920,Actividades de contabilidad, teneduría de libros y auditoría; consultoría fiscal
l10n_pe_economic_activity_7010,7010,Actividades de oficinas centrales
l10n_pe_economic_activity_7020,7020,Actividades de consultoría de gestión
l10n_pe_economic_activity_7110,7110,Actividades de arquitectura e ingeniería y actividades conexas de consultoría técnica
l10n_pe_economic_activity_7120,7120,Ensayos y análisis técnicos
l10n_pe_economic_activity_7210,7210,Investigación y desarrollo experimental en el campo de las ciencias naturales y la ingeniería
l10n_pe_economic_activity_7220,7220,Investigación y desarrollo experimental en el campo de las ciencias sociales y las humanidades
l10n_pe_economic_activity_7310,7310,Publicidad
l10n_pe_economic_activity_7320,7320,Estudios de mercado y encuestas de opinión pública
l10n_pe_economic_activity_7410,7410,Actividades especializadas de diseño
l10n_pe_economic_activity_7420,7420,Actividades de fotografía
l10n_pe_economic_activity_7490,7490,Otras actividades profesionales, científicas y técnicas n.c.p.
l10n_pe_economic_activity_7500,7500,Actividades veterinarias
l10n_pe_economic_activity_7710,7710,Alquiler y arrendamiento de vehículos automotores
l10n_pe_economic_activity_7721,7721,Alquiler y arrendamiento de equipo recreativo y deportivo
l10n_pe_economic_activity_7722,7722,Alquiler de cintas de vídeo y discos
l10n_pe_economic_activity_7729,7729,Alquiler y arrendamiento de otros efectos personales y enseres domésticos
l10n_pe_economic_activity_7730,7730,Alquiler y arrendamiento de otros tipos de maquinaria, equipo y bienes tangibles
l10n_pe_economic_activity_7740,7740,Arrendamiento de propiedad intelectual y productos similares, excepto obras protegidas por derechos de autor
l10n_pe_economic_activity_7810,7810,Actividades de agencias de empleo
l10n_pe_economic_activity_7820,7820,Actividades de agencias de empleo temporal
l10n_pe_economic_activity_7830,7830,Otras actividades de dotación de recursos humanos
l10n_pe_economic_activity_7911,7911,Actividades de agencias de viajes
l10n_pe_economic_activity_7912,7912,Actividades de operadores turísticos
l10n_pe_economic_activity_7990,7990,Otros servicios de reservas y actividades conexas
l10n_pe_economic_activity_8010,8010,Actividades de seguridad privada
l10n_pe_economic_activity_8020,8020,Actividades de servicio de sistemas de seguridad
l10n_pe_economic_activity_8030,8030,Actividades de investigación
l10n_pe_economic_activity_8110,8110,Actividades combinadas de apoyo a instalaciones
l10n_pe_economic_activity_8121,8121,Limpieza general de edificios
l10n_pe_economic_activity_8129,8129,Otras actividades de limpieza de edificios e instalaciones industriales
l10n_pe_economic_activity_8130,8130,Actividades de paisajismo y servicios de mantenimiento conexos
l10n_pe_economic_activity_8211,8211,Actividades combinadas de servicios administrativos de oficina
l10n_pe_economic_activity_8219,8219,Fotocopiado, preparación de documentos y otras actividades especializadas de apoyo de oficina
l10n_pe_economic_activity_8220,8220,Actividades de centros de llamadas
l10n_pe_economic_activity_8230,8230,Organización de convenciones y exposiciones comerciales
l10n_pe_economic_activity_8291,8291,Actividades de agencias de cobro y agencias de calificación crediticia
l10n_pe_economic_activity_8292,8292,Actividades de envasado y empaquetado
l10n_pe_economic_activity_8299,8299,Otras actividades de servicios de apoyo a las empresas n.c.p
l10n_pe_economic_activity_8411,8411,Actividades de la administración pública en general
l10n_pe_economic_activity_8410,8410,Regulación de las actividades de organismos que prestan servicios sanitarios, educativos, culturales y otros servicios sociales, excepto servicios de seguridad social
l10n_pe_economic_activity_8413,8413,Regulación y facilitación de la actividad económica
l10n_pe_economic_activity_8421,8421,Relaciones exteriores
l10n_pe_economic_activity_8422,8422,Actividades de defensa
l10n_pe_economic_activity_8423,8423,Actividades de mantenimiento del orden público y de seguridad
l10n_pe_economic_activity_8430,8430,Actividades de planes de seguridad social de afiliación obligatoria
l10n_pe_economic_activity_8510,8510,Enseñanza preescolar y primaria
l10n_pe_economic_activity_8521,8521,Enseñanza secundaria de formación general
l10n_pe_economic_activity_8522,8522,Enseñanza secundaria de formación técnica y profesional
l10n_pe_economic_activity_8530,8530,Enseñanza superior
l10n_pe_economic_activity_8541,8541,Educación deportiva y recreativa
l10n_pe_economic_activity_8542,8542,Enseñanza cultural
l10n_pe_economic_activity_8549,8549,Otros tipos de enseñanza n.c.p.
l10n_pe_economic_activity_8550,8550,Actividades de apoyo a la enseñanza
l10n_pe_economic_activity_8610,8610,Actividades de hospitales
l10n_pe_economic_activity_8620,8620,Actividades de médicos y odontólogos
l10n_pe_economic_activity_8690,8690,Otras actividades de atención de la salud humana
l10n_pe_economic_activity_8710,8710,Actividades de atención de enfermería en instituciones
l10n_pe_economic_activity_8720,8720,Actividades de atención en instituciones para personas con retraso mental, enfermos mentales y toxicómanos
l10n_pe_economic_activity_8730,8730,Actividades de atención en instituciones para personas de edad personas con discapacidad
l10n_pe_economic_activity_8790,8790,Otras actividades de atención en instituciones
l10n_pe_economic_activity_8810,8810,Actividades de asistencia social sin alojamiento para personas de edad y personas con discapacidad
l10n_pe_economic_activity_8890,8890,Otras actividades de asistencia social sin alojamiento
l10n_pe_economic_activity_9000,9000,Actividades creativas, artísticas y de entretenimiento
l10n_pe_economic_activity_9101,9101,Actividades de bibliotecas y archivos
l10n_pe_economic_activity_9102,9102,Actividades de museos y gestión de lugares y edificios históricos
l10n_pe_economic_activity_9103,9103,Actividades de jardines botánicos y zoológicos y reservas naturales
l10n_pe_economic_activity_9200,9200,Actividades de juegos de azar y apuestas
l10n_pe_economic_activity_9311,9311,Gestión de instalaciones deportivas
l10n_pe_economic_activity_9312,9312,Actividades de clubes deportivos
l10n_pe_economic_activity_9319,9319,Otras actividades deportivas
l10n_pe_economic_activity_9321,9321,Actividades de parques de atracciones y parques temáticos
l10n_pe_economic_activity_9329,9329,Otras actividades de esparcimiento y recreativas n.c.p.
l10n_pe_economic_activity_9411,9411,Actividades de asociaciones empresariales y de empleadores
l10n_pe_economic_activity_9412,9412,Actividades de asociaciones profesionales
l10n_pe_economic_activity_9420,9420,Actividades de sindicatos
l10n_pe_economic_activity_9491,9491,Actividades de organizaciones religiosas
l10n_pe_economic_activity_9492,9492,Actividades de organizaciones políticas
l10n_pe_economic_activity_9499,9499,Actividades de otras asociaciones n.c.p.
l10n_pe_economic_activity_9511,9511,Reparación de ordenadores y equipo periférico
l10n_pe_economic_activity_9512,9512,Reparación de equipos comunicacionales
l10n_pe_economic_activity_9521,9521,Reparación de aparatos electrónicos de consumo
l10n_pe_economic_activity_9522,9522,Reparación de aparatos de uso doméstico y equipo doméstico y de jardinería
l10n_pe_economic_activity_9523,9523,Reparación de calzado y artículos de cuero
l10n_pe_economic_activity_9524,9524,Reparación de muebles y accesorios domésticos
l10n_pe_economic_activity_9529,9529,Reparación de otros efectos personales y enseres domésticos
l10n_pe_economic_activity_9601,9601,Lavado y limpieza, incluida la limpieza en seco, de productos textiles y de piel
l10n_pe_economic_activity_9602,9602,Peluquería y otros tratamientos de belleza
l10n_pe_economic_activity_9603,9603,Pompas fúnebres y actividades conexas
l10n_pe_economic_activity_9609,9609,Otras actividades de servicios personales n.c.p.
l10n_pe_economic_activity_9700,9700,Actividades de los hogares como empleadores de personal doméstico
l10n_pe_economic_activity_9900,9900,Actividades de organizaciones y órganos extraterritoriales